<?xml version="1.0" encoding="UTF-8"?><?xml-stylesheet type='text/xsl' href='_UpgradeReport_Files/UpgradeReport.xslt'?><UpgradeLog>
<Properties><Property Name="Solution" Value="LockTest">
</Property><Property Name="Solution File" Value="C:\Documents and Settings\최철용\바탕 화면\cs\LockTest.sln">
</Property><Property Name="User Options File" Value="C:\Documents and Settings\최철용\바탕 화면\cs\LockTest.suo">
</Property><Property Name="Date" Value="2007년 1월 18일 목요일">
</Property><Property Name="Time" Value="오후 15:23">
</Property></Properties><Event ErrorLevel="0" Project="" Source="LockTest.sln" Description="File successfully backed up as C:\Documents and Settings\최철용\바탕 화면\cs\Backup\LockTest.sln">
</Event><Event ErrorLevel="0" Project="" Source="LockTest.suo" Description="File successfully backed up as C:\Documents and Settings\최철용\바탕 화면\cs\Backup\LockTest.suo">
</Event><Event ErrorLevel="0" Project="LockTest" Source="LockTest.csproj" Description="Project file successfully backed up as C:\Documents and Settings\최철용\바탕 화면\cs\Backup\LockTest.csproj">
</Event><Event ErrorLevel="0" Project="LockTest" Source="LockTest.csproj.user" Description="Project user file successfully backed up as C:\Documents and Settings\최철용\바탕 화면\cs\Backup\LockTest.csproj.user">
</Event><Event ErrorLevel="0" Project="LockTest" Source="AssemblyInfo.cs" Description="File successfully backed up as C:\Documents and Settings\최철용\바탕 화면\cs\Backup\AssemblyInfo.cs">
</Event><Event ErrorLevel="0" Project="LockTest" Source="Form1.cs" Description="File successfully backed up as C:\Documents and Settings\최철용\바탕 화면\cs\Backup\Form1.cs">
</Event><Event ErrorLevel="0" Project="LockTest" Source="App.ico" Description="File successfully backed up as C:\Documents and Settings\최철용\바탕 화면\cs\Backup\App.ico">
</Event><Event ErrorLevel="0" Project="LockTest" Source="Form1.resx" Description="File successfully backed up as C:\Documents and Settings\최철용\바탕 화면\cs\Backup\Form1.resx">
</Event><Event ErrorLevel="0" Project="LockTest" Source="LockTest.csproj" Description="Project converted successfully">
</Event><Event ErrorLevel="3" Project="LockTest" Source="LockTest.csproj" Description="Converted">
</Event><Event ErrorLevel="0" Project="" Source="LockTest.sln" Description="Solution converted successfully">
</Event><Event ErrorLevel="3" Project="" Source="LockTest.sln" Description="Converted">
</Event><Event ErrorLevel="0" Project="LockTest" Source="LockTest.csproj" Description="Scan complete: Upgrade not required for project files.">
</Event></UpgradeLog>